{
    "1": {
        "type": "single_select",
        "options": {
            "0": "Did not apply to me at all",
            "1": "Applied to me to some degree, or some of the time",
            "2": "Applied to me to a considerable degree, or a good part of time",
            "3": "Applied to me very much, or most of the time"
        },
        "label": "I found myself getting upset by quite trivial things",
        "required": "required"
    },
    "2": {
        "type": "single_select",
        "options": {
            "0": "Did not apply to me at all",
            "1": "Applied to me to some degree, or some of the time",
            "2": "Applied to me to a considerable degree, or a good part of time",
            "3": "Applied to me very much, or most of the time"
        },
        "label": "I was aware of dryness of my mouth",
        "required": "required"
    },
    "3": {
        "type": "single_select",
        "options": {
            "0": "Did not apply to me at all",
            "1": "Applied to me to some degree, or some of the time",
            "2": "Applied to me to a considerable degree, or a good part of time",
            "3": "Applied to me very much, or most of the time"
        },
        "label": "I couldn't seem to experience any positive feeling at all",
        "required": "required"
    },
    "4": {
        "type": "single_select",
        "options": {
            "0": "Did not apply to me at all",
            "1": "Applied to me to some degree, or some of the time",
            "2": "Applied to me to a considerable degree, or a good part of time",
            "3": "Applied to me very much, or most of the time"
        },
        "label": "I experienced breathing difficulty (eg, excessively rapid breathing, breathlessness in the absence of physical exertion)",
        "required": "required"
    },
    "5": {
        "type": "single_select",
        "options": {
            "0": "Did not apply to me at all",
            "1": "Applied to me to some degree, or some of the time",
            "2": "Applied to me to a considerable degree, or a good part of time",
            "3": "Applied to me very much, or most of the time"
        },
        "label": "I just couldn't seem to get going",
        "required": "required"
    },
    "6": {
        "type": "single_select",
        "options": {
            "0": "Did not apply to me at all",
            "1": "Applied to me to some degree, or some of the time",
            "2": "Applied to me to a considerable degree, or a good part of time",
            "3": "Applied to me very much, or most of the time"
        },
        "label": "I tended to over-react to situations",
        "required": "required"
    },
    "7": {
        "type": "single_select",
        "options": {
            "0": "Did not apply to me at all",
            "1": "Applied to me to some degree, or some of the time",
            "2": "Applied to me to a considerable degree, or a good part of time",
            "3": "Applied to me very much, or most of the time"
        },
        "label": "I had a feeling of shakiness (eg, legs going to give way)",
        "required": "required"
    },
    "8": {
        "type": "single_select",
        "options": {
            "0": "Did not apply to me at all",
            "1": "Applied to me to some degree, or some of the time",
            "2": "Applied to me to a considerable degree, or a good part of time",
            "3": "Applied to me very much, or most of the time"
        },
        "label": "I found it difficult to relax",
        "required": "required"
    },
    "9": {
        "type": "single_select",
        "options": {
            "0": "Did not apply to me at all",
            "1": "Applied to me to some degree, or some of the time",
            "2": "Applied to me to a considerable degree, or a good part of time",
            "3": "Applied to me very much, or most of the time"
        },
        "label": "I found myself in situations that made me so anxious I was most relieved when they ended",
        "required": "required"
    },
    "10": {
        "type": "single_select",
        "options": {
            "0": "Did not apply to me at all",
            "1": "Applied to me to some degree, or some of the time",
            "2": "Applied to me to a considerable degree, or a good part of time",
            "3": "Applied to me very much, or most of the time"
        },
        "label": "I felt that I had nothing to look forward to",
        "required": "required"
    },
    "11": {
        "type": "single_select",
        "options": {
            "0": "Did not apply to me at all",
            "1": "Applied to me to some degree, or some of the time",
            "2": "Applied to me to a considerable degree, or a good part of time",
            "3": "Applied to me very much, or most of the time"
        },
        "label": "I found myself getting upset rather easily",
        "required": "required"
    },
    "12": {
        "type": "single_select",
        "options": {
            "0": "Did not apply to me at all",
            "1": "Applied to me to some degree, or some of the time",
            "2": "Applied to me to a considerable degree, or a good part of time",
            "3": "Applied to me very much, or most of the time"
        },
        "label": "I felt that I was using a lot of nervous energy",
        "required": "required"
    },
    "13": {
        "type": "single_select",
        "options": {
            "0": "Did not apply to me at all",
            "1": "Applied to me to some degree, or some of the time",
            "2": "Applied to me to a considerable degree, or a good part of time",
            "3": "Applied to me very much, or most of the time"
        },
        "label": "I felt sad and depressed",
        "required": "required"
    },
    "14": {
        "type": "single_select",
        "options": {
            "0": "Did not apply to me at all",
            "1": "Applied to me to some degree, or some of the time",
            "2": "Applied to me to a considerable degree, or a good part of time",
            "3": "Applied to me very much, or most of the time"
        },
        "label": "I found myself getting impatient when I was delayed in any way (eg, elevators, traffic lights, being kept waiting)",
        "required": "required"
    },
    "15": {
        "type": "single_select",
        "options": {
            "0": "Did not apply to me at all",
            "1": "Applied to me to some degree, or some of the time",
            "2": "Applied to me to a considerable degree, or a good part of time",
            "3": "Applied to me very much, or most of the time"
        },
        "label": "I had a feeling of faintness",
        "required": "required"
    },
    "16": {
        "type": "single_select",
        "options": {
            "0": "Did not apply to me at all",
            "1": "Applied to me to some degree, or some of the time",
            "2": "Applied to me to a considerable degree, or a good part of time",
            "3": "Applied to me very much, or most of the time"
        },
        "label": "I felt that I had lost interest in just about everything",
        "required": "required"
    },
    "17": {
        "type": "single_select",
        "options": {
            "0": "Did not apply to me at all",
            "1": "Applied to me to some degree, or some of the time",
            "2": "Applied to me to a considerable degree, or a good part of time",
            "3": "Applied to me very much, or most of the time"
        },
        "label": "I felt I wasn't worth much as a person",
        "required": "required"
    },
    "18": {
        "type": "single_select",
        "options": {
            "0": "Did not apply to me at all",
            "1": "Applied to me to some degree, or some of the time",
            "2": "Applied to me to a considerable degree, or a good part of time",
            "3": "Applied to me very much, or most of the time"
        },
        "label": "I felt that I was rather touchy",
        "required": "required"
    },
    "19": {
        "type": "single_select",
        "options": {
            "0": "Did not apply to me at all",
            "1": "Applied to me to some degree, or some of the time",
            "2": "Applied to me to a considerable degree, or a good part of time",
            "3": "Applied to me very much, or most of the time"
        },
        "label": "I perspired noticeably (eg, hands sweaty) in the absence of high temperatures or physical exertion",
        "required": "required"
    },
    "20": {
        "type": "single_select",
        "options": {
            "0": "Did not apply to me at all",
            "1": "Applied to me to some degree, or some of the time",
            "2": "Applied to me to a considerable degree, or a good part of time",
            "3": "Applied to me very much, or most of the time"
        },
        "label": "I felt scared without any good reason",
        "required": "required"
    },
    "21": {
        "type": "single_select",
        "options": {
            "0": "Did not apply to me at all",
            "1": "Applied to me to some degree, or some of the time",
            "2": "Applied to me to a considerable degree, or a good part of time",
            "3": "Applied to me very much, or most of the time"
        },
        "label": "I felt that life wasn't worthwhile",
        "required": "required"
    },
    "22": {
        "type": "single_select",
        "options": {
            "0": "Did not apply to me at all",
            "1": "Applied to me to some degree, or some of the time",
            "2": "Applied to me to a considerable degree, or a good part of time",
            "3": "Applied to me very much, or most of the time"
        },
        "label": "I found it hard to wind down",
        "required": "required"
    },
    "23": {
        "type": "single_select",
        "options": {
            "0": "Did not apply to me at all",
            "1": "Applied to me to some degree, or some of the time",
            "2": "Applied to me to a considerable degree, or a good part of time",
            "3": "Applied to me very much, or most of the time"
        },
        "label": "I had difficulty in swallowing",
        "required": "required"
    },
    "24": {
        "type": "single_select",
        "options": {
            "0": "Did not apply to me at all",
            "1": "Applied to me to some degree, or some of the time",
            "2": "Applied to me to a considerable degree, or a good part of time",
            "3": "Applied to me very much, or most of the time"
        },
        "label": "I couldn't seem to get any enjoyment out of the things I did",
        "required": "required"
    },
    "25": {
        "type": "single_select",
        "options": {
            "0": "Did not apply to me at all",
            "1": "Applied to me to some degree, or some of the time",
            "2": "Applied to me to a considerable degree, or a good part of time",
            "3": "Applied to me very much, or most of the time"
        },
        "label": "I was aware of the action of my heart in the absence of physical exertion (eg, sense of heart rate increase, heart missing a beat)",
        "required": "required"
    },
    "26": {
        "type": "single_select",
        "options": {
            "0": "Did not apply to me at all",
            "1": "Applied to me to some degree, or some of the time",
            "2": "Applied to me to a considerable degree, or a good part of time",
            "3": "Applied to me very much, or most of the time"
        },
        "label": "I felt down-hearted and blue",
        "required": "required"
    },
    "27": {
        "type": "single_select",
        "options": {
            "0": "Did not apply to me at all",
            "1": "Applied to me to some degree, or some of the time",
            "2": "Applied to me to a considerable degree, or a good part of time",
            "3": "Applied to me very much, or most of the time"
        },
        "label": "I found that I was very irritable",
        "required": "required"
    },
    "28": {
        "type": "single_select",
        "options": {
            "0": "Did not apply to me at all",
            "1": "Applied to me to some degree, or some of the time",
            "2": "Applied to me to a considerable degree, or a good part of time",
            "3": "Applied to me very much, or most of the time"
        },
        "label": "I felt I was close to panic",
        "required": "required"
    },
    "29": {
        "type": "single_select",
        "options": {
            "0": "Did not apply to me at all",
            "1": "Applied to me to some degree, or some of the time",
            "2": "Applied to me to a considerable degree, or a good part of time",
            "3": "Applied to me very much, or most of the time"
        },
        "label": "I found it hard to calm down after something upset me",
        "required": "required"
    },
    "30": {
        "type": "single_select",
        "options": {
            "0": "Did not apply to me at all",
            "1": "Applied to me to some degree, or some of the time",
            "2": "Applied to me to a considerable degree, or a good part of time",
            "3": "Applied to me very much, or most of the time"
        },
        "label": "I feared that I would be \"thrown\" by some trivial but unfamiliar task",
        "required": "required"
    },
    "31": {
        "type": "single_select",
        "options": {
            "0": "Did not apply to me at all",
            "1": "Applied to me to some degree, or some of the time",
            "2": "Applied to me to a considerable degree, or a good part of time",
            "3": "Applied to me very much, or most of the time"
        },
        "label": "I was unable to become enthusiastic about anything",
        "required": "required"
    },
    "32": {
        "type": "single_select",
        "options": {
            "0": "Did not apply to me at all",
            "1": "Applied to me to some degree, or some of the time",
            "2": "Applied to me to a considerable degree, or a good part of time",
            "3": "Applied to me very much, or most of the time"
        },
        "label": "I found it difficult to tolerate interruptions to what I was doing",
        "required": "required"
    },
    "33": {
        "type": "single_select",
        "options": {
            "0": "Did not apply to me at all",
            "1": "Applied to me to some degree, or some of the time",
            "2": "Applied to me to a considerable degree, or a good part of time",
            "3": "Applied to me very much, or most of the time"
        },
        "label": "I was in a state of nervous tension",
        "required": "required"
    },
    "34": {
        "type": "single_select",
        "options": {
            "0": "Did not apply to me at all",
            "1": "Applied to me to some degree, or some of the time",
            "2": "Applied to me to a considerable degree, or a good part of time",
            "3": "Applied to me very much, or most of the time"
        },
        "label": "I felt I was pretty worthless",
        "required": "required"
    },
    "35": {
        "type": "single_select",
        "options": {
            "0": "Did not apply to me at all",
            "1": "Applied to me to some degree, or some of the time",
            "2": "Applied to me to a considerable degree, or a good part of time",
            "3": "Applied to me very much, or most of the time"
        },
        "label": "I was intolerant of anything that kept me from getting on with what I was doing",
        "required": "required"
    },
    "36": {
        "type": "single_select",
        "options": {
            "0": "Did not apply to me at all",
            "1": "Applied to me to some degree, or some of the time",
            "2": "Applied to me to a considerable degree, or a good part of time",
            "3": "Applied to me very much, or most of the time"
        },
        "label": "I felt terrified",
        "required": "required"
    },
    "37": {
        "type": "single_select",
        "options": {
            "0": "Did not apply to me at all",
            "1": "Applied to me to some degree, or some of the time",
            "2": "Applied to me to a considerable degree, or a good part of time",
            "3": "Applied to me very much, or most of the time"
        },
        "label": "I could see nothing in the future to be hopeful about",
        "required": "required"
    },
    "38": {
        "type": "single_select",
        "options": {
            "0": "Did not apply to me at all",
            "1": "Applied to me to some degree, or some of the time",
            "2": "Applied to me to a considerable degree, or a good part of time",
            "3": "Applied to me very much, or most of the time"
        },
        "label": "I felt that life was meaningless",
        "required": "required"
    },
    "39": {
        "type": "single_select",
        "options": {
            "0": "Did not apply to me at all",
            "1": "Applied to me to some degree, or some of the time",
            "2": "Applied to me to a considerable degree, or a good part of time",
            "3": "Applied to me very much, or most of the time"
        },
        "label": "I found myself getting agitated",
        "required": "required"
    },
    "40": {
        "type": "single_select",
        "options": {
            "0": "Did not apply to me at all",
            "1": "Applied to me to some degree, or some of the time",
            "2": "Applied to me to a considerable degree, or a good part of time",
            "3": "Applied to me very much, or most of the time"
        },
        "label": "I was worried about situations in which I might panic and make a fool of myself",
        "required": "required"
    },
    "41": {
        "type": "single_select",
        "options": {
            "0": "Did not apply to me at all",
            "1": "Applied to me to some degree, or some of the time",
            "2": "Applied to me to a considerable degree, or a good part of time",
            "3": "Applied to me very much, or most of the time"
        },
        "label": "I experienced trembling (eg, in the hands)",
        "required": "required"
    },
    "42": {
        "type": "single_select",
        "options": {
            "0": "Did not apply to me at all",
            "1": "Applied to me to some degree, or some of the time",
            "2": "Applied to me to a considerable degree, or a good part of time",
            "3": "Applied to me very much, or most of the time"
        },
        "label": "I found it difficult to work up the initiative to do things",
        "required": "required"
    }
}
